<?xml version="1.0" encoding="UTF-8"?>
<project-private xmlns="http://www.netbeans.org/ns/project-private/1">
    <editor-bookmarks xmlns="http://www.netbeans.org/ns/editor-bookmarks/2" lastBookmarkId="0"/>
    <open-files xmlns="http://www.netbeans.org/ns/projectui-open-files/2">
        <group>
            <file>file:/C:/Users/MONICA.G/OneDrive/Desktop/WumpusWorld%20with%20NB/WumpusWorld/src/wumpusworld/Location.java</file>
            <file>file:/C:/Users/MONICA.G/OneDrive/Desktop/WumpusWorld%20with%20NB/WumpusWorld/src/wumpusworld/MapReader.java</file>
            <file>file:/C:/Users/MONICA.G/OneDrive/Desktop/WumpusWorld%20with%20NB/WumpusWorld/src/wumpusworld/NB2.java</file>
            <file>file:/C:/Users/MONICA.G/OneDrive/Desktop/WumpusWorld%20with%20NB/WumpusWorld/src/wumpusworld/Config.java</file>
            <file>file:/C:/Users/MONICA.G/OneDrive/Desktop/WumpusWorld%20with%20NB/WumpusWorld/src/wumpusworld/GUI.java</file>
            <file>file:/C:/Users/MONICA.G/OneDrive/Desktop/WumpusWorld%20with%20NB/WumpusWorld/src/wumpusworld/MyAgent.java</file>
            <file>file:/C:/Users/MONICA.G/OneDrive/Desktop/WumpusWorld%20with%20NB/WumpusWorld/src/wumpusworld/WorldMap.java</file>
            <file>file:/C:/Users/MONICA.G/OneDrive/Desktop/WumpusWorld%20with%20NB/WumpusWorld/src/wumpusworld/WumpusWorld.java</file>
            <file>file:/C:/Users/MONICA.G/OneDrive/Desktop/WumpusWorld%20with%20NB/WumpusWorld/src/wumpusworld/Agent.java</file>
            <file>file:/C:/Users/MONICA.G/OneDrive/Desktop/WumpusWorld%20with%20NB/WumpusWorld/src/wumpusworld/Block.java</file>
            <file>file:/C:/Users/MONICA.G/OneDrive/Desktop/WumpusWorld%20with%20NB/WumpusWorld/src/wumpusworld/World.java</file>
            <file>file:/C:/Users/MONICA.G/OneDrive/Desktop/WumpusWorld%20with%20NB/WumpusWorld/src/wumpusworld/MapGenerator.java</file>
        </group>
    </open-files>
</project-private>
